{
  "eye": {
    "orientation": [
      0,
      0,
      0,
      1
    ],
    "magnitude": 0.5773502588272095,
    "position": [
      640,
      360,
      3878.882568359375
    ]
  },
  "radius": 1364.4412841796875,
  "type": "PERSPECTIVE"
}