{
  "eye": {
    "orientation": [
      0,
      0,
      0,
      1
    ],
    "magnitude": 0.5773502588272095,
    "position": [
      588,
      420,
      1725
    ]
  },
  "radius": 1364.4412841796875,
  "type": "PERSPECTIVE"
}