{
  "eye": {
    "orientation": [
      0,
      0,
      0,
      1
    ],
    "magnitude": 0.5773502588272095,
    "position": [
      1280,
      0,
      1725
    ]
  },
  "radius": 932.6441040039062,
  "type": "PERSPECTIVE"
}